{
  "entrypoint": "index.html",
  "shell": "src/expense-app.html",
  "fragments": [
    "src/overview-page.html"
  ],
  "sources": [
    "src/**/*",
    "images/**/*",
    "bower.json"
  ],
  "extraDependencies": [
    "bower_components/webcomponentsjs/*.js",
    "manifest.json",
    "images/default-receipt.png"
  ],
  "builds": [
    {
      "name": "es5-bundled",
      "preset": "es5-bundled",
      "basePath": true
    },
    {
      "name": "es6-bundled",
      "preset": "es6-bundled",
      "basePath": true,
      "browserCapabilities": [
        "es2015"
      ]
    }
  ],
  "lint": {
    "rules": [
      "polymer-2"
    ]
  }
}
