[
    {
        "item_id": 1,
        "date": "10.07.2016",
        "author": "John Smith",
        "title": "Dolores atque quibusdam enim sed aperiam",
        "subtitle": "Lorem ipsum dolor sit amet, consectetur adipisicing elit, sed do eiusmod tempor incididunt ut labore et dolore magna aliqua.",
        "category": "Blog",
        "teaser": "Omnis ipsum sunt similique sit eum fugiat incidunt sit sunt quis eveniet quo qui et et mollitia laboriosam ut voluptatum ut.",
        "teaser_image": "assets/img/gallery/Image01.jpg",
        "fav": "16",
        "comments": "121"
    },
    {
        "item_id": 2,
        "date": "18.07.2016",
        "title": "Ullam maiores",
        "teaser": "Praesentium perspiciatis corporis ipsa totam praesentium quasi aspernatur molestiae suscipit eum facilis.",
        "fav": "28",
        "comments": "96"
    },
    {
        "item_id": 3,
        "date": "24.07.2016",
        "title": "Nam officiis tenetur",
        "teaser": "Rerum aut vel autem adipisci aut velit et et sunt est dolore est reprehenderit sunt aliquid quia ut adipisci sint eum.",
        "teaser_yt": "-CYs99M7hzA",
        "fav": "289",
        "comments": "9"
    },
    {
        "item_id": 4,
        "date": "18.07.2016",
        "title": "Deserunt necessitatibus eligendi.",
        "teaser": "Assumenda at ut qui repellendus suscipit libero sit aliquam labore placeat nisi omnis numquam reprehenderit facilis ex.",
        "teaser_image": "assets/img/gallery/Image03.jpg",
        "fav": "178",
        "comments": "4"
    },
    {
        "item_id": 5,
        "date": "12.07.2016",
        "title": "Sit sunt",
        "teaser": "Sint et eius id libero cumque voluptatem culpa magnam officia numquam ad dolores consectetur velit voluptatem ipsa dolorem ut ducimus nihil qui quia rerum magni repellat voluptates quibusdam mollitia dolore tempora consequatur dolor porro quo",
        "teaser_yt": "7AFJeaYojhU",
        "fav": "111",
        "comments": "20"
    },
    {
        "item_id": 6,
        "date": "18.07.2016",
        "title": "Et repellat.",
        "teaser": "Aliquid eius culpa cum quo provident eius doloribus deleniti consectetur voluptate culpa et eos et ipsam autem aut quia esse occaecati minima quis quis ut iusto ipsum sed ut eos voluptas.",
        "teaser_image": "assets/img/gallery/Image05.jpg",
        "fav": "178",
        "comments": "4"
    },
    {
        "item_id": 7,
        "date": "18.07.2016",
        "title": "Deserunt necessitatibus eligendi.",
        "teaser": "Non consectetur veniam ex quod ex fuga ipsam dolor explicabo voluptates ea.",
        "teaser_soundcloud": "153640438",
        "fav": "178",
        "comments": "4"
    },
    {
        "item_id": 8,
        "date": "18.07.2016",
        "title": "Quod numquam recusandae.",
        "teaser": "Ut incidunt illum ducimus quae autem minima hic et quibusdam veritatis placeat qui omnis.",
        "teaser_image": "assets/img/gallery/Image08.jpg",
        "fav": "178",
        "comments": "4"
    },
    {
        "item_id": 9,
        "date": "24.07.2016",
        "title": "Deserunt necessitatibus eligendi.",
        "teaser": "Assumenda at ut qui repellendus suscipit libero sit aliquam labore placeat nisi omnis numquam reprehenderit facilis ex.",
        "teaser_image": "assets/img/gallery/Image12.jpg",
        "fav": "129",
        "comments": "11"
    },
    {
        "item_id": 10,
        "date": "18.07.2016",
        "title": "Consequatur ad at.",
        "teaser": "Earum maiores veritatis ipsam accusantium dignissimos quaerat repellat quaerat non a ducimus et unde et quia esse aut deleniti officiis est illo ut ipsam possimus velit culpa et nesciunt deserunt velit.",
        "teaser_image": "assets/img/gallery/Image20.jpg",
        "fav": "78",
        "comments": "0"
    },
    {
        "item_id": 11,
        "date": "18.07.2016",
        "title": "Reiciendis placeat.",
        "teaser": "Asperiores non dolores quas aut esse alias velit ut est nobis quisquam ut accusantium numquam officia ea deleniti dolorem doloribus magni sed maxime enim consequatur aut id et occaecati natus.",
        "fav": "42",
        "comments": "1"
    },
    {
        "item_id": 12,
        "date": "18.07.2016",
        "title": "Nobis autem enim.",
        "teaser": "Neque quos laboriosam impedit ut eius aliquam non quas nulla corporis cumque nemo sit facere eos temporibus molestiae aut vel in ipsa placeat amet est voluptates enim magni dolores nostrum aut occaecati aperiam molestiae et sed vero facere ut aperiam at tempore.",
        "teaser_image": "assets/img/gallery/Image21.jpg",
        "fav": "222",
        "comments": "2"
    }
]