[
    {
        "id": 1,
        "title": "Voluptas nesciunt nihil rerum aut quo dolores.",
        "content": "Illo labore id porro consequatur ipsa blanditiis repellendus rerum vel minus non ipsam asperiores est deserunt et minus ea ut suscipit veritatis rerum laborum dolorem maiores voluptatem ut tempora labore ut asperiores aut rerum error est aperiam natus labore aut minima ut voluptates a qui vel officiis id dolor velit maxime aperiam fugiat quod adipisci sed ullam eos repellat unde expedita impedit qui sit quidem vel esse dicta molestiae et est maxime similique et autem tempore veritatis amet iure qui molestiae sit molestiae ut aperiam non consequuntur occaecati similique iste repellat modi molestiae nostrum cumque asperiores reprehenderit ipsam omnis voluptas dicta minus ex deserunt fugiat beatae quae velit omnis aut fuga maiores adipisci quaerat quis non error necessitatibus accusamus accusamus aspernatur voluptatem sunt error eveniet earum voluptatibus fugit consequatur ut iste est sed veniam quia et modi ab aliquam et velit quia rerum numquam sed sunt quam velit officia iure corrupti consequatur quasi facilis non eos id sequi porro ut placeat velit numquam et quibusdam molestiae non omnis occaecati voluptatum fugiat ea non sint iure dolor nobis consequatur eos quis perspiciatis consequatur vel enim voluptatem et dolores veniam est eveniet aspernatur beatae perferendis et blanditiis sed enim ea quis eos illum qui et quo et ab voluptas aspernatur non voluptatem sequi rerum ducimus cum molestiae aliquam deserunt ea et asperiores enim similique mollitia laborum dolor debitis illum excepturi nostrum similique voluptate ad iste ut dolor nihil voluptatem vel reiciendis explicabo adipisci ut ea tempora sunt modi sint qui ullam hic voluptas ex dolor labore quae quis rerum impedit ratione ex iste optio consequatur.",
        "section": "c"
    },
    {
        "id": 2,
        "title": "Perspiciatis rerum ea iste placeat officia in aut quia animi.",
        "content": "Ducimus voluptas fuga quae vero praesentium culpa totam et eligendi et ut magnam odit voluptatem sit modi aut aperiam non fugit qui dolor qui ut deserunt praesentium reiciendis esse quis ab est nisi quo sunt ipsam fugit aut qui placeat veniam dolorum laboriosam qui saepe sed voluptas dolores cum vel quas est eos ea ducimus blanditiis facilis recusandae sunt commodi quis aut dolorem voluptatem sit quae eligendi doloribus voluptatem eum deserunt magnam cum dicta quas maiores itaque pariatur quia earum non facilis earum et cupiditate vel ea non dignissimos corporis asperiores enim et voluptas soluta fugiat natus libero nihil at voluptas facere libero et distinctio in et sunt quia hic sint et iure cum iure officiis qui omnis deleniti cumque rerum rerum impedit consequuntur sapiente soluta aut et omnis voluptas voluptatibus iusto ad odio vel et quidem molestias doloribus optio perferendis vitae illo laborum sit non autem ut sunt ullam blanditiis qui veritatis qui necessitatibus qui architecto ut voluptate culpa aut quas et blanditiis aut quam qui quia assumenda ea rerum doloremque quisquam est qui repellendus consequatur itaque pariatur autem delectus corrupti sapiente porro odit voluptas sunt minima quae qui consequatur quae ut delectus omnis nesciunt rem aliquam voluptas voluptate tenetur eos voluptatem sapiente vel consectetur omnis sint ea magnam et non temporibus est maiores quia voluptatum sed voluptatem deleniti natus unde tempore eum architecto sed qui ut voluptatibus qui blanditiis quibusdam cum nam dolorem qui autem quo numquam asperiores rem nam dolorum et culpa quae molestiae possimus tenetur consequatur vel et explicabo aperiam ut.",
        "section": "a"
    },
    {
        "id": 3,
        "title": "Voluptatem ut perspiciatis soluta aut consequatur id nihil qui illum officia quibusdam.",
        "content": "Ducimus facere quia quasi sapiente libero ea voluptas fugit dolore et beatae aut at a nesciunt voluptatem possimus iste libero error similique voluptatem enim sequi quibusdam sequi quia recusandae omnis qui voluptas aut enim sit eum autem repellat nesciunt quia nesciunt ex nesciunt id vel sunt sint ea cupiditate est eum deserunt accusamus molestiae ea ut voluptatem inventore reiciendis ea aliquam adipisci aut est est inventore officiis doloribus dignissimos facilis ab rerum totam perspiciatis hic autem inventore doloribus inventore ut tempore et eos consequatur ducimus rerum in quia et ut voluptas et culpa omnis sint in rerum maiores aut qui facere dolor facilis culpa iusto maiores nam sunt vel quis sequi quidem exercitationem quos illo officiis nihil autem architecto aut exercitationem doloremque omnis atque itaque officiis esse in voluptas molestiae dolorum deserunt et atque veritatis quasi et sed at ratione dolore impedit expedita sequi aut quisquam iusto vel autem et quod impedit architecto vel possimus corrupti incidunt deserunt illum consectetur omnis ratione voluptatem esse dolore nesciunt dolorem a nulla.",
        "section": "b"
    },
    {
        "id": 4,
        "title": "Deserunt qui exercitationem ipsum eum quasi eius eos quis sint esse commodi fugiat officia quibusdam.",
        "content": "Et quia aut dolor eius fugit vero iure voluptatibus dolores veniam quisquam quos asperiores sapiente voluptas qui libero est quia eum nesciunt eum voluptatem quaerat debitis accusantium nemo commodi est voluptates aperiam nesciunt sint et aliquid et dolorem consequatur sunt sit sit similique quia sed molestiae unde esse in incidunt voluptate impedit eum ea dolorum quidem quaerat consequatur sint saepe possimus cum autem labore distinctio beatae quaerat tempora quam excepturi minus nisi et et excepturi sit deleniti sit non maxime quia porro ratione eos voluptatem voluptatem expedita cum quidem fugit dolorem expedita aut officia labore eaque facilis consequatur ratione et aut sunt minima ea deleniti nemo placeat ea fugit voluptas consequuntur sint vero dicta amet voluptas eaque et ut hic at nemo suscipit rerum labore aut earum temporibus nulla sed cumque aut labore quibusdam quas et vitae et atque rerum atque totam voluptatem et recusandae nisi natus aut incidunt recusandae pariatur inventore consequatur molestias voluptatem similique sed sed numquam in aut labore eos voluptates cumque voluptatibus odio aut at dolor facilis odit et sapiente neque et quibusdam quidem eos nostrum laboriosam dolorem consequatur in facilis labore voluptates sed aliquam sapiente voluptatem iste suscipit accusantium delectus harum neque iusto saepe eveniet itaque sunt cupiditate voluptatem consequatur non fuga sed aliquam perferendis dignissimos aspernatur pariatur qui tempora corporis eveniet voluptas sed et omnis non ipsam magni atque consequatur numquam error voluptates quis ratione.",
        "section": "c"
    },
    {
        "id": 5,
        "title": "Reiciendis recusandae ab repellat autem commodi occaecati sit placeat.",
        "content": "Error totam facilis et nisi quia ut amet nostrum et ipsum quo vel maiores ea officia et tempore accusamus et distinctio optio quos ut quo sed maxime quos earum optio qui minus rem nam accusantium in laborum odit esse cum saepe repudiandae rerum velit praesentium sit quos voluptatum consequatur voluptas dolor excepturi nobis et nihil doloribus nostrum molestias sint omnis eveniet sapiente aliquam commodi officiis occaecati rerum et modi qui voluptatem laudantium qui vero et libero iste fugit libero sit quod eveniet est molestiae quia pariatur est animi et perferendis nobis est cumque distinctio sint iure voluptatem sed tempore dolor maxime quos quia at praesentium natus illum aspernatur voluptatem est labore sint enim ratione aut accusantium et ipsam numquam reprehenderit sequi reprehenderit explicabo ut magni vitae omnis ut quis exercitationem consectetur ut laudantium dolores ut expedita nesciunt porro occaecati fugiat maiores fuga nesciunt ea molestiae dicta qui sunt eum vel qui.",
        "section": "a"
    },
    {
        "id": 6,
        "title": "Officia et autem cum molestiae corporis qui sed.",
        "content": "Quo accusantium saepe rerum laboriosam et minus repellendus quisquam velit laudantium qui eos dolores fugit in et illum voluptatem rerum atque praesentium fugiat soluta atque deserunt labore enim similique sapiente et enim sit quia quaerat deleniti odio tenetur enim ad et magni voluptas ullam iusto qui eius facere sapiente cum necessitatibus eius ipsa voluptatem asperiores voluptatum in laboriosam et non est dignissimos accusamus quae nisi aperiam a odit sit omnis consectetur quaerat ut id at consequatur quas et quia aut earum aliquid soluta nihil officia dolorum ut doloremque ipsam libero porro magnam vel cum sunt in aperiam odio aliquid neque architecto non accusantium sint maxime quidem est temporibus officiis voluptas sed rerum qui natus est repudiandae veniam praesentium optio quasi a dolore fuga qui quae sint neque hic accusamus autem beatae necessitatibus cumque adipisci soluta id explicabo ullam doloribus quidem inventore assumenda error eligendi repellendus mollitia neque doloremque quisquam velit corporis facere necessitatibus rerum iure fugiat ad amet eligendi aliquid nulla nisi aut quis libero blanditiis ut aut officia.",
        "section": "a"
    },
    {
        "id": 7,
        "title": "Aut est quibusdam eos sunt et soluta et aut sed et sit itaque voluptatem.",
        "content": "Qui soluta ea rem est voluptatem quo voluptas et ad rerum sint qui eaque aut alias natus ab natus aut culpa quo ea sunt reiciendis exercitationem reprehenderit laudantium reiciendis aliquid magni et placeat et deserunt dolor quia cum molestiae dolores incidunt quae quas cumque facere et ut ut neque repellendus officia voluptatem eius sit aspernatur repudiandae eum eum repudiandae libero voluptas et velit in ut voluptates molestiae accusamus soluta reiciendis quaerat sed qui hic dolorem quia quia culpa voluptatem blanditiis reprehenderit error aut rerum nostrum molestias alias dolores dolor aperiam a sequi illum velit illo aut est quia nihil voluptatem dolore quia eos quam consequuntur et fuga nesciunt quos eveniet sit quia repellat necessitatibus aut maiores ut est doloremque nobis est minima odit quia labore sunt similique ea cumque est velit hic quis nesciunt nihil voluptatem laudantium.",
        "section": "c"
    },
    {
        "id": 8,
        "title": "Quibusdam debitis officia sed totam ex quisquam dolorem autem totam.",
        "content": "Quae non dolorum illo commodi necessitatibus culpa quae itaque totam possimus dicta non deserunt nesciunt rerum et vitae dignissimos voluptas officia est in occaecati inventore totam sed aliquid ea nobis assumenda ut dolorem dolores placeat enim dolorem ut repellat rerum deserunt totam necessitatibus asperiores consequatur voluptate nobis qui quo dolorem id adipisci quis nemo sequi odio ratione animi labore harum ipsam consequatur minus placeat qui deleniti ut omnis delectus totam distinctio doloremque corrupti in deserunt reiciendis reprehenderit perferendis velit odit eos et quae et voluptatem laborum doloremque occaecati necessitatibus ullam minus doloremque praesentium voluptas nam blanditiis iste dolor quae exercitationem quod cumque et quia accusamus sit ut veritatis porro esse veniam corporis facilis voluptas mollitia est voluptatem id quo sit beatae magni corporis officia non sunt sint porro corporis reprehenderit pariatur ea est voluptatem id ut est dignissimos et numquam omnis soluta voluptatem inventore vitae nihil dolores.",
        "section": "b"
    },
    {
        "id": 9,
        "title": "Corporis deserunt voluptatum cum numquam ut labore et quibusdam laboriosam molestiae esse a.",
        "content": "Voluptatum illum minima quas est consequatur reiciendis dolorum minus aut distinctio quia quaerat laboriosam dolorem distinctio in est facere quo quae ipsa exercitationem ut eos consequatur eum qui quasi placeat qui perspiciatis id sunt eveniet optio asperiores quia exercitationem in non dicta officiis sint qui expedita eaque repellat illum aut sed omnis illo natus dignissimos cum totam et nisi corporis doloribus voluptatem et qui facilis eligendi sunt soluta voluptas consectetur rerum ad unde hic enim quam et sapiente et non nihil laborum saepe fugit temporibus velit facere et rem est quasi dignissimos molestiae neque molestiae aperiam excepturi iusto aut voluptas exercitationem iure non et ut rerum aspernatur rerum quasi eos quam in unde cupiditate sed corrupti omnis necessitatibus similique sequi dolor optio libero ea recusandae iure molestias perspiciatis voluptatem dolores modi voluptatibus modi numquam nostrum quasi temporibus sunt sapiente consequatur quam quia qui necessitatibus quod facere quia hic et nisi labore quia voluptatem quasi libero consequatur aut adipisci est.",
        "section": "c"
    },
    {
        "id": 10,
        "title": "Et amet vitae sit animi earum et iste ea aut ex nulla maiores animi.",
        "content": "Tempora ratione fuga autem consectetur suscipit dolore enim sed magnam non quis ab reprehenderit accusantium provident iusto dicta quibusdam rerum distinctio odit odit eos eos qui in sint voluptatem non in deserunt animi et quis suscipit suscipit possimus hic similique incidunt vel voluptatem placeat excepturi aspernatur eius quidem rerum et est architecto saepe voluptatem exercitationem quia est quis similique repellendus adipisci amet neque ad nobis quod repellendus rerum perspiciatis cupiditate architecto et sed fugiat libero magnam est omnis ut ipsam odio sapiente id recusandae quis voluptatum id autem quisquam molestias iusto repellat sit aut beatae corrupti atque nam quae sit beatae pariatur iure ut pariatur cupiditate consequatur quidem sapiente laborum aspernatur et dolorum quis quia molestiae officia tempore nulla maxime pariatur iste dolores unde rerum expedita qui inventore itaque maxime laborum voluptates dolore incidunt ut eaque alias corporis quia molestias dolor sequi voluptatem aspernatur quo maiores quo aut dolores ipsa qui consequatur velit accusantium perferendis soluta quos sit eligendi et rerum rerum voluptatibus est in ut qui voluptas maiores et laudantium quam possimus atque voluptas blanditiis quasi tempore voluptas eum repellendus quam nesciunt odit est facilis sunt alias voluptatem consectetur quam.",
        "section": "b"
    },
    {
        "id": 11,
        "title": "Voluptatem qui repellat optio ut recusandae iusto harum perspiciatis non est fuga dignissimos.",
        "content": "Nisi quae accusantium ratione et aperiam maiores soluta aut ut et sed tempore sunt ipsa sed nihil accusamus in et voluptatibus impedit deserunt qui labore cum ea tenetur sit dolorem eligendi vel dolorum consectetur ut tenetur repudiandae sint quisquam voluptatem ratione natus repudiandae ipsam quae voluptatem exercitationem quia et architecto mollitia est similique consequatur esse sint optio et voluptas accusantium placeat quo reiciendis nobis aliquid modi sapiente doloremque et impedit recusandae temporibus distinctio quia aliquam atque quia molestiae est mollitia ut consequatur repudiandae omnis inventore dolorum aut et sit sed et quis voluptatem odio quis maiores non vel velit veniam et enim non et architecto esse debitis ipsam sunt ea quia et sunt et voluptatem quae consequuntur ab et voluptas neque omnis voluptates nam sed animi veritatis earum praesentium et maiores sed autem accusantium qui quidem corporis placeat quae illo non eveniet commodi repellat cum id est cupiditate odit nobis vero cumque aut corporis consequuntur fuga quo dolor ut maxime perferendis rerum illo voluptas ab quidem sequi hic est reiciendis sed totam corporis nihil quisquam eaque illum aspernatur placeat et deleniti id velit sit voluptatibus tempora animi architecto consequuntur libero sunt vel aut fuga nulla id rerum provident aut quo et ipsa et id dignissimos repudiandae totam eveniet incidunt incidunt facilis qui fugiat atque accusamus nesciunt fuga sapiente voluptatem facilis sapiente repellat velit esse consequuntur impedit pariatur necessitatibus saepe dolor animi qui at soluta quos eos eveniet qui ut perspiciatis eos nemo qui eveniet similique recusandae eligendi nisi aliquam voluptas ipsa soluta eligendi debitis harum maxime neque assumenda sunt dolores culpa libero illum et nesciunt ut id consequuntur ut.",
        "section": "c"
    },
    {
        "id": 12,
        "title": "Est delectus odit molestias eaque dolores quam voluptatem error ex maiores ex.",
        "content": "Facilis et tenetur sequi in soluta consequuntur quia et labore voluptas nostrum vel nobis magnam aut ipsam reprehenderit libero ut dolore enim inventore vero perferendis eius quidem eos reiciendis quo ex a labore aut ut commodi facere quaerat nemo omnis est tempora quidem non id et quidem cum velit a ea iure ullam a ullam eius est iste totam dicta ea perferendis molestias ex vero adipisci eaque aperiam vero autem sed at eos natus placeat laborum voluptates error quam ut ipsum est iste consequuntur vel aliquam autem iure nostrum qui provident quia voluptatibus voluptate nostrum non explicabo dolorum nulla doloremque veniam et tempore accusamus facilis optio labore dolorum et qui eos praesentium architecto et minima voluptas quasi fuga repudiandae et quod nihil cupiditate blanditiis sit et autem esse laudantium nemo minima quod deserunt sint est voluptates facere ea adipisci quia repellendus doloribus voluptas reiciendis aut saepe quam nemo a harum officia tempore repudiandae dolorum laboriosam magnam exercitationem.",
        "section": "a"
    },
    {
        "id": 13,
        "title": "Ex velit beatae molestiae qui quis aut et blanditiis et dignissimos.",
        "content": "Eius perspiciatis voluptas dicta architecto voluptas sunt quaerat facere quis neque deserunt doloribus explicabo recusandae et enim et sed quam eius ad earum iure nam sed quod tempore ut et ut sequi error dolorem est laboriosam rem sit et dolor provident voluptas perferendis debitis et ex magni tempore ducimus voluptatibus doloribus consectetur illo veniam magnam minima est doloribus cum est eum molestiae autem corporis non eos dicta voluptate cupiditate minima tenetur dignissimos sed voluptates vero nisi sapiente dolores architecto recusandae quis quae voluptatum porro necessitatibus aperiam est dolore illum ea omnis modi ut voluptatem dicta possimus sit est accusamus deleniti modi sint est unde labore dignissimos eum est velit ipsa eum quam quod occaecati illo qui veritatis at dignissimos pariatur labore cupiditate nostrum quia et odio ullam nisi aut qui facilis et labore adipisci harum sit vel et quia placeat fugiat expedita officia dignissimos non ad sed nisi eveniet dolorum veritatis quod ea omnis delectus laboriosam voluptatem sed repudiandae aut porro enim dolorem blanditiis in corrupti assumenda sed delectus reiciendis asperiores qui itaque aut quia eaque nobis earum mollitia id porro sunt possimus illo deleniti dolorem culpa non et corporis hic reiciendis recusandae molestias qui facilis ut ab inventore voluptatem consequatur at sequi sint nihil earum consequatur consequatur molestias ut corporis quas eligendi modi ea explicabo quo vel sit tempore suscipit unde sed delectus laboriosam corrupti dolorum et est itaque sed nihil odio quibusdam iure fuga et quod alias quibusdam nulla quis sint consectetur ut blanditiis voluptates sit voluptatem voluptatum rem quidem recusandae id accusamus nisi neque.",
        "section": "c"
    },
    {
        "id": 14,
        "title": "Qui qui aut hic voluptatum voluptas porro quos consequatur beatae.",
        "content": "Quod laboriosam facere voluptates illo in nobis autem dolorem consequatur modi facere harum omnis labore non temporibus voluptas voluptas expedita consequatur ut cum facilis et aut incidunt molestiae maxime eos et iste ipsam iste sed qui ipsam sit dolores vero ut non excepturi corporis dolorem ea repudiandae illum reprehenderit pariatur repellat praesentium tempore rerum et fuga perspiciatis optio fugiat animi et nulla quam totam mollitia omnis maxime itaque non adipisci neque quis quidem nisi necessitatibus eos maxime et voluptates quo eius pariatur illum molestias ad iusto eaque modi inventore aut dolorem delectus aut ut minima minima ipsum qui velit ipsa consequatur veritatis quasi quia amet ab porro officia illo tempora quod accusantium error quisquam ut et a sed error libero repellendus aut ab et eius error a dolorem et sed quam molestiae debitis velit nostrum in ipsam sunt omnis dolores nobis labore consequatur tempora vel ab facere voluptas qui ab aut laboriosam ea voluptas ea ratione quis earum voluptatem dolor sit cumque eum quis distinctio quia officia quia qui harum dolore harum illo aut optio tenetur magni eos ducimus rerum in soluta aliquid ea nam saepe temporibus unde quam possimus beatae consectetur omnis autem doloribus doloremque pariatur non illo nostrum aliquam sint dolor quasi quia provident ad et corrupti eveniet eum nobis maiores et aut et esse debitis debitis in temporibus suscipit quos et omnis quod doloremque aspernatur dolore tempore et voluptatem illo fugiat sunt voluptatem mollitia ad recusandae hic quis quam natus odio quis numquam officiis sed et quia fugit incidunt eligendi sint earum quo et qui cum dolor non ullam cumque cupiditate nam magni corporis voluptatem ipsam est ut.",
        "section": "c"
    },
    {
        "id": 15,
        "title": "Dicta quia velit ullam sunt labore fugit.",
        "content": "Dolorem quia adipisci libero velit cupiditate consectetur esse facilis dolore fuga asperiores quaerat porro magni quos rem possimus veritatis rem eum recusandae est illo minus illo consequatur consequatur reiciendis maxime commodi voluptas necessitatibus quam esse eaque dicta voluptatum alias eveniet doloremque omnis nostrum ut voluptas accusamus nesciunt facere nemo omnis nulla qui in quisquam officiis animi asperiores ea animi pariatur et hic officia fugiat quia et quidem nostrum in ipsum odit nulla quod explicabo voluptate esse fuga ea nemo adipisci consequatur magnam unde tenetur quaerat qui esse eum facere eos error vero autem tempore autem et a expedita harum ab provident et reprehenderit expedita molestiae explicabo et qui nam quasi enim aut qui doloribus consequatur quod voluptas aut possimus impedit consectetur consequuntur odio quia quo molestias rerum nesciunt autem sed velit quo et ullam consectetur expedita at qui facere consectetur non laboriosam sed incidunt cum aspernatur natus natus consectetur itaque ut temporibus dolore dolor repellat cupiditate in non suscipit ipsam non impedit et ut natus consequatur eveniet qui cum molestiae voluptatem cum maiores sit repellendus modi quibusdam sint at et asperiores ducimus minus dignissimos illum excepturi qui voluptatum vel eius corrupti unde et sit accusamus eligendi quia laudantium eos qui incidunt illum est sit delectus quos odio fuga qui libero et nemo illo sint asperiores at maxime nihil qui sequi provident omnis exercitationem repudiandae ratione sit dicta adipisci blanditiis explicabo voluptas velit sit temporibus commodi sunt accusamus nihil enim fugit repudiandae maxime magni ab sit accusamus expedita quasi fuga quam inventore hic aut fuga dolores sunt eligendi fugiat non sit dolores et quo ut et odio necessitatibus.",
        "section": "b"
    },
    {
        "id": 16,
        "title": "Hic et alias et et quidem quis eum ex.",
        "content": "Repellat et voluptatibus itaque tempora reiciendis quae saepe rerum pariatur odit quo delectus quaerat fuga velit occaecati et corporis omnis voluptatem ipsam nihil temporibus ad dolor inventore aut molestiae dolorum harum cum ea at quos quibusdam eos eum ut sit sit rerum dolores nemo id consequatur deleniti fugiat voluptatum provident architecto sit dolorum hic possimus labore placeat ducimus inventore dolor culpa iusto enim officia id id facere inventore nihil nisi quidem similique accusamus sint unde iusto qui autem natus quod voluptas neque tenetur voluptatem rerum sapiente maxime architecto iste velit quasi veniam magni sit nesciunt repellendus quos quam et eos aut quas quisquam vitae corrupti libero quia veniam distinctio eos unde consequuntur aliquam accusamus dolor est neque nisi ratione ex molestiae cum laborum et eius quis dolores in necessitatibus sed nihil et quis cupiditate et ex placeat accusamus reiciendis laudantium aperiam dignissimos placeat debitis nisi et nemo quae ipsum eligendi autem nobis eveniet voluptatem et est amet enim nihil quae facilis sint voluptatibus maiores mollitia eligendi quidem maiores ipsum sequi id ut quia dolorum blanditiis consequuntur quis molestiae itaque sit libero qui perferendis est fuga quod qui minima autem cumque autem unde laudantium rerum molestias sint ut.",
        "section": "a"
    },
    {
        "id": 17,
        "title": "Quo quos ad qui rerum veritatis qui ut.",
        "content": "Et ut dolores labore debitis praesentium aperiam dolorem aut voluptatem dolores optio qui asperiores magnam aliquam aliquid et consequuntur animi ipsa dignissimos esse molestias dolores dolores nihil vel eligendi velit commodi voluptas id ipsum atque velit fugit et et quo et quam voluptatibus est excepturi officiis totam odit assumenda sed voluptas ut dolor excepturi sunt dolore sunt blanditiis voluptatem nostrum voluptas aliquid molestiae aperiam nobis vitae occaecati enim doloribus culpa velit magnam voluptatibus ex maiores et eaque ea doloribus accusantium hic aut qui pariatur vero sapiente maxime consequuntur eos provident perspiciatis iste dolore sit dolorum repellat libero ratione sit voluptatum excepturi occaecati numquam facere ut necessitatibus quis maiores sint optio eius enim quia occaecati numquam rerum iure vel unde incidunt odio et dignissimos numquam esse temporibus labore laboriosam voluptas sequi et est est recusandae aut fugit omnis dolores eum et non vel voluptatem quia iure aut itaque at id incidunt fuga ad est omnis voluptatem accusamus recusandae ab voluptate quia natus nam quia velit est rerum consequatur assumenda voluptate saepe sunt id ipsum possimus iure aliquid maiores et deleniti minus debitis nemo aspernatur et voluptatem possimus qui voluptate aperiam vitae a sunt qui illum deserunt ut qui voluptatum dolorem et voluptates eum hic velit saepe modi repellat suscipit dolorem esse earum ullam expedita consequatur ipsam expedita odio deserunt natus distinctio et minima similique sequi sit repellat beatae aut voluptatum non quo ex corporis similique hic pariatur ipsa nulla dolore consequatur sunt vel amet quibusdam sapiente consequuntur rerum blanditiis aspernatur eius iusto aliquid facilis ab et harum assumenda occaecati saepe.",
        "section": "a"
    },
    {
        "id": 18,
        "title": "Officia quo qui ut et dolores veniam in dolorem maxime numquam amet.",
        "content": "Corrupti enim ipsa qui suscipit sunt dolor rerum autem inventore sit aliquam possimus quod aliquam modi a ipsa consectetur minima dolorem fuga voluptatem adipisci voluptatem dignissimos sunt impedit harum et accusantium alias odit iure aspernatur aspernatur sed voluptatibus eveniet quisquam unde molestiae sint aut voluptatem aut vitae voluptatem consequatur ut illum rem qui harum quam vel delectus sunt qui quod accusantium sequi veritatis est vel vel voluptas itaque esse expedita architecto ipsum qui dolor qui officiis aperiam iusto et vitae pariatur quis quibusdam dolorem quae error voluptate unde sed qui magni cupiditate ducimus illum facere quis animi corporis sed natus quia tempore qui corporis alias laboriosam modi dolorem ratione soluta autem dignissimos natus temporibus qui nostrum tempora officiis ullam voluptas eveniet fugiat aliquam adipisci aut sed laborum natus sapiente ex odit est qui iste accusamus provident consectetur sit sint aut sapiente voluptatem tempora quo exercitationem consequuntur perspiciatis in ipsa rerum neque qui quaerat temporibus cupiditate odio voluptates laudantium cumque voluptatem deserunt sunt quia nobis nulla aperiam consequatur sequi quaerat nulla qui autem ea esse molestias eveniet omnis alias non.",
        "section": "c"
    },
    {
        "id": 19,
        "title": "Blanditiis qui recusandae quasi deserunt dolorem doloribus aut at aut similique et maxime inventore non.",
        "content": "Harum est qui numquam quis natus laborum beatae similique corrupti laborum et quam non dolorem qui quia excepturi magnam quia nemo et ad sapiente ab et alias reiciendis consequatur culpa et debitis quidem alias voluptatem quam aut deserunt molestiae ipsam dolorem sapiente earum alias aliquam laboriosam et aspernatur fugiat eligendi ut dolore itaque ad totam cum commodi nihil placeat sit asperiores sit nemo repudiandae incidunt vel quaerat laborum asperiores quo quasi nostrum omnis aspernatur possimus omnis in et omnis et veniam sit assumenda dolorum rerum dolor neque culpa nemo nesciunt vel vel nam mollitia ea et dignissimos quas possimus numquam voluptas atque et sit et fuga sit hic officia illo repellendus ut molestiae atque eveniet veniam aut quae totam ullam eaque magnam ipsam ipsum sed rerum illum molestiae consequuntur in non dolores rerum dolorum quidem voluptas id fugit similique placeat molestiae deserunt itaque non minus est tempore ipsam libero eos est expedita dolor aut omnis in quia rerum voluptatem enim minima atque ipsa cum quia et aliquid illum exercitationem magni dolorum aspernatur at qui dolor earum doloremque deserunt eum corrupti sunt modi repellendus totam non est tempora facere nulla eos optio et dolorem ipsum possimus voluptates amet vitae odit cum quia doloribus dolorem ullam totam quasi excepturi dolor qui sapiente voluptatum laudantium consequatur sapiente dicta facilis molestias inventore deleniti sunt at ut sint totam et omnis sed possimus aperiam molestias rem a et ea sint explicabo reiciendis sunt officiis ullam rerum molestias qui amet consequuntur repellat ad nemo consequatur totam deleniti sequi unde animi vel laborum accusantium explicabo magnam commodi vel dolore cupiditate dolores sit perferendis fugit.",
        "section": "b"
    },
    {
        "id": 20,
        "title": "Molestias voluptates natus reprehenderit quos voluptatum hic repellendus molestias asperiores qui similique.",
        "content": "Perferendis molestiae corrupti illum molestiae aut qui optio et aut vitae qui rerum et et quia iure molestiae minima provident ex qui voluptatem omnis eius non animi veritatis sint quas aut sit rerum atque voluptatem labore placeat ullam deserunt soluta itaque sunt consequatur placeat eligendi nulla ipsam aut provident sunt aperiam omnis quam veritatis qui repellat reiciendis neque quas repellendus dolor quia aliquam error voluptas qui qui ut expedita autem a sed corporis dolorem cum rerum consequatur adipisci sint et ut sapiente a qui ea sed dolores id iste quibusdam ut nobis rerum nihil neque et quia nesciunt iusto exercitationem cum quo nemo sequi ea dolorum facilis perferendis accusamus perferendis autem nostrum id ut adipisci quis maiores beatae itaque tempora sed tempora velit quibusdam dolores illum quam aut ea blanditiis voluptas veniam ipsum ut ipsum tenetur dolorem at rem odit incidunt recusandae culpa aut esse et placeat et iure vel illum repudiandae dignissimos quam culpa enim vero eius quidem dolorum earum ipsum qui nemo ipsum sed qui esse est atque placeat accusamus laudantium fugiat sed beatae deserunt ratione vel ut sunt non voluptas quos aperiam fugiat illum qui dolores et rerum pariatur optio voluptas minima est et natus quia iste et ut tempora possimus sint tempore voluptatibus rerum modi nihil ipsam eum ab et culpa et odio id quo non suscipit corrupti quae perspiciatis et occaecati iure modi qui ut possimus numquam delectus iure dolor praesentium nihil qui eveniet enim exercitationem molestiae voluptate voluptas doloremque quibusdam at aliquid nihil similique facilis officiis nisi in qui explicabo rem ratione eveniet qui accusantium blanditiis ipsa nostrum eveniet nostrum qui voluptatem cumque aut iusto aut optio dolorem eius nam et magnam dolor.",
        "section": "b"
    },
    {
        "id": 21,
        "title": "Consectetur repellendus sed est sit a autem nisi et eum atque rerum.",
        "content": "Dolorum eveniet soluta et ut recusandae sapiente non omnis minima nihil in animi porro eaque unde placeat deleniti natus perspiciatis ut delectus repudiandae in corporis consequatur voluptas quidem sit animi quos consectetur quam est perspiciatis quod incidunt a qui voluptatum pariatur consequatur quae quia tenetur ut quae commodi ad ipsa nulla consectetur illo quia non magni animi et fugiat neque fugiat qui vel consequatur non officia sequi nihil sint iure expedita accusantium magnam ducimus unde esse sed sunt est fugit doloribus sit quas est ea ut quos blanditiis et modi ducimus quod inventore est aspernatur rerum aut soluta non sit quo cupiditate occaecati neque illum sed et perspiciatis consequatur quia et in voluptatibus tenetur voluptas facilis labore animi cupiditate deserunt ipsa sunt earum necessitatibus est eos qui minima dolorem ut laborum quia aut aut a corporis corporis perspiciatis voluptas optio dolorum officiis veniam nisi soluta vitae consequatur soluta consequatur labore amet ut ad quos cupiditate voluptatem quia dolores omnis aut voluptas dicta blanditiis laborum aspernatur voluptatem dolores aperiam id non et est in dolorum deleniti est voluptas aut enim ut quis atque qui pariatur minus eaque eaque tempore cumque excepturi sit et alias in tempora nihil iste et sunt blanditiis voluptatem vel repellat ducimus nam mollitia ab omnis occaecati dolore quod dolorem ipsum et occaecati voluptatum quis nobis pariatur voluptate aut sunt tenetur vero labore illum voluptatem eum modi consectetur quibusdam ipsa facere in harum eum qui aut magni quia aliquam saepe molestiae tenetur quia velit quia officia et est illo labore rerum consectetur velit possimus inventore aut quaerat et et.",
        "section": "a"
    },
    {
        "id": 22,
        "title": "Assumenda error voluptas qui laboriosam eveniet eligendi nemo mollitia vitae aliquid rerum.",
        "content": "Aut accusantium est iusto consequatur est quis aut excepturi et quod consequatur omnis quisquam qui rerum eius non id id placeat maxime facilis aut eligendi ad ad facilis quam eum reiciendis ut voluptates maxime officia et adipisci deserunt et rerum maiores nihil culpa saepe voluptas quos eos nesciunt dolorum sit sit ab nobis occaecati autem adipisci consequuntur aperiam iste id sed magnam minima odio sit nihil nemo ea error aliquam laboriosam fugiat ratione et qui et adipisci perspiciatis odio est ipsa molestias optio nam odit eligendi quasi sit sed dignissimos minima libero tempore et ut sunt mollitia pariatur non alias voluptatum ut voluptatibus quae qui itaque aspernatur ut minus ab corrupti accusantium harum earum quo ab et labore itaque molestias earum ut ut qui voluptatum et dolorem et suscipit aspernatur porro quae velit architecto sit animi alias eveniet ea molestias porro harum voluptatem ad et temporibus alias voluptatem ullam voluptatem nulla consectetur mollitia molestias et qui dolor corporis voluptatem hic similique inventore aspernatur voluptatibus sit qui sit corrupti consequatur enim sunt dolor pariatur consequatur aliquid quis accusamus non quis atque aut eos non molestiae qui ratione culpa reprehenderit ratione omnis excepturi eum maxime quod perspiciatis sapiente eveniet voluptatibus similique vitae et ut sed natus vitae.",
        "section": "a"
    },
    {
        "id": 23,
        "title": "Et tempora tempora minus dolore qui culpa eligendi alias repellendus laboriosam iste sunt.",
        "content": "Numquam exercitationem distinctio exercitationem repellat sed nihil labore non necessitatibus culpa nemo hic enim eligendi et officia nesciunt quasi labore nam minima ut omnis error quisquam ipsa rerum veniam quisquam laudantium quo quasi sed et eveniet corrupti magni neque enim inventore eveniet aliquam ut voluptatum qui quo et at vel natus nihil dolorum ut tempora nesciunt debitis nihil impedit autem deserunt quia ut perferendis soluta esse dignissimos quia in laborum molestiae numquam reiciendis ea illum distinctio ipsum inventore quia suscipit est dolorem molestias est maxime quo blanditiis voluptas totam eveniet quo adipisci quisquam soluta suscipit repellendus debitis et nesciunt qui eveniet hic quo eos tempore veniam non libero voluptatem asperiores totam neque repudiandae est saepe consequatur aut consequuntur corrupti ab et ex asperiores consequatur eaque aut totam vel laudantium sed non numquam sapiente facilis molestiae voluptatem deleniti excepturi perferendis possimus aut dolorem omnis esse temporibus consequatur exercitationem quisquam aspernatur commodi est dicta quos autem quibusdam ut sequi accusamus magni odio sequi eaque sunt id dolor reprehenderit fugit fuga et sunt voluptates autem est exercitationem assumenda voluptate est et autem voluptates aut omnis dolores quia sunt veritatis ut hic sequi atque voluptatem fuga sed impedit maxime ut magni fugiat eius impedit quidem at laudantium aut sit nulla neque tenetur sed ut ipsam repellendus laudantium quas omnis doloribus temporibus dignissimos voluptatem dolores temporibus sapiente aut voluptatem doloremque quia est recusandae voluptatem minus molestiae voluptas saepe ducimus maxime nostrum neque non voluptate nihil sed praesentium omnis officiis ut iste consequatur doloribus magni accusantium qui quia optio expedita ab enim facilis soluta et.",
        "section": "b"
    },
    {
        "id": 24,
        "title": "Eligendi deserunt non qui velit suscipit vitae harum voluptates dolorum.",
        "content": "Voluptatem quos est id exercitationem eligendi ut qui soluta labore neque qui est quo non maiores sit eos magnam est saepe quasi est culpa excepturi autem sit quaerat autem quidem error aut et ut voluptatum nihil voluptatem nostrum eaque provident eos eos assumenda quo doloribus tempora dolor non quis quibusdam et ducimus nisi omnis rerum maiores adipisci expedita minima velit molestiae amet laboriosam dignissimos id et beatae nihil soluta velit earum cumque tempora illo sed ipsam qui enim fugit cum in possimus sequi facilis aut qui architecto ut ipsa quia eius delectus delectus vel voluptatibus sed consectetur delectus quia quaerat exercitationem doloribus hic dolor non ullam sed eos deleniti itaque optio repudiandae qui corrupti fugit vel at dolores rerum dignissimos reprehenderit exercitationem sint qui aut eius rerum beatae et in unde incidunt iure sint consequatur facere reiciendis facilis aliquid possimus qui corporis non explicabo quasi voluptates distinctio quae et occaecati qui tempora expedita culpa culpa vitae incidunt nostrum libero omnis asperiores rerum voluptatem eaque sint voluptatem qui totam tenetur molestias illo qui error qui mollitia repellat labore illum vel et laudantium mollitia quis consequatur aperiam quasi harum distinctio repudiandae corporis temporibus quia qui sint sint esse quam fugit ea ducimus tenetur accusantium laudantium dolorem error.",
        "section": "c"
    }
]